{
    "student": {
        "id": "870acc1a94ed44458981f1ce958c73d7",
        "stuCode": "201908191017",
        "stuName": "张十二1",
        "stuAge": 21,
        "stuBirhday": "2009-11-11",
        "stuSex": "02",
        "stuSexName": "女",
        "stuClassId": "E11113",
        "stuClassName": "JAVA3"
    },
    "classes": [
        {
            "id": "7a45cbe2eae4474c98bf797e95aa6799",
            "name": "JAVA5"
        },
        {
            "id": "E11111",
            "name": "JAVA1"
        },
        {
            "id": "E11112",
            "name": "JAVA2"
        },
        {
            "id": "E11113",
            "name": "JAVA3"
        },
        {
            "id": "E11114",
            "name": "JAVA4"
        }
    ],
    "cns": [
        {
            "id": "E1111",
            "groupCode": "A01",
            "code": "01",
            "name": "男"
        },
        {
            "id": "E1112",
            "groupCode": "A01",
            "code": "02",
            "name": "女"
        }
    ]
}