[{
	"id": "870acc1a94ed44458981f1ce958c73d7",
	"stuCode": "201908191017",
	"stuName": "张十二1",
	"stuAge": 21,
	"stuBirhday": "2009-11-11",
	"stuSex": "02",
	"stuSexName": "女",
	"stuClassId": "E11111",
	"stuClassName": "JAVA1"
}, {
	"id": "8859f90a70c8487bb69ad6b2247ae980",
	"stuCode": "201908161015",
	"stuName": "张十",
	"stuAge": 20,
	"stuBirhday": "2019-08-16",
	"stuSex": "02",
	"stuSexName": "女",
	"stuClassId": "E11111",
	"stuClassName": "JAVA1"
}, {
	"id": "b8b1e380021f45ecaadb5475c837becc",
	"stuCode": "201908161014",
	"stuName": "张九",
	"stuAge": 20,
	"stuBirhday": "2019-08-16",
	"stuSex": "02",
	"stuSexName": "女",
	"stuClassId": "E11111",
	"stuClassName": "JAVA1"
}, {
	"id": "bec2d5c3d1bf4c1a8901223334e7eb1c",
	"stuCode": "201603021013",
	"stuName": "张八1",
	"stuAge": 21,
	"stuBirhday": "2019-08-14",
	"stuSex": "01",
	"stuSexName": "男",
	"stuClassId": "E11111",
	"stuClassName": "JAVA1"
}, {
	"id": "fd2495ed4ed44d01b1fa1455da67ef00",
	"stuCode": "201908191016",
	"stuName": "张十一",
	"stuAge": 20,
	"stuBirhday": "2009-12-12",
	"stuSex": "01",
	"stuSexName": "男",
	"stuClassId": "E11112",
	"stuClassName": "JAVA2"
}, {
	"id": "S111112",
	"stuCode": "201603021009",
	"stuName": "张四",
	"stuAge": 20,
	"stuBirhday": "2018-01-25",
	"stuSex": "01",
	"stuSexName": "男",
	"stuClassId": "E11112",
	"stuClassName": "JAVA2"
}, {
	"id": "S111113",
	"stuCode": "201603021010",
	"stuName": "张五",
	"stuAge": 20,
	"stuBirhday": "2018-11-22",
	"stuSex": "01",
	"stuSexName": "男",
	"stuClassId": "E11111",
	"stuClassName": "JAVA1"
}, {
	"id": "S111114",
	"stuCode": "201603021011",
	"stuName": "张六",
	"stuAge": 20,
	"stuBirhday": "2017-07-01",
	"stuSex": "02",
	"stuSexName": "女",
	"stuClassId": "E11111",
	"stuClassName": "JAVA1"
}, {
	"id": "S111115",
	"stuCode": "201603021012",
	"stuName": "张七",
	"stuAge": 21,
	"stuBirhday": "2019-01-01",
	"stuSex": "02",
	"stuSexName": "女",
	"stuClassId": "E11112",
	"stuClassName": "JAVA2"
}, {
	"id": "S111116",
	"stuCode": "201603021013",
	"stuName": "张七",
	"stuAge": 21,
	"stuBirhday": "2019-01-01",
	"stuSex": "02",
	"stuSexName": "女",
	"stuClassId": "E11112",
	"stuClassName": "JAVA2"
}]